{"cameraMode":{"drawMode":0,"name":"Shaded","section":"Shading Mode"},"sceneLighting":true,"audioPlay":false,"sceneViewState":{"m_AlwaysRefresh":false,"showFog":true,"showSkybox":true,"showFlares":true,"showImageEffects":true,"showParticleSystems":true,"showVisualEffectGraphs":true,"m_FxEnabled":true},"in2DMode":false,"pivot":{"x":-0.17041122913360597,"y":2.6319189071655275,"z":-2.3281116485595705},"rotation":{"x":0.05813231319189072,"y":0.20223072171211244,"z":-0.012026376090943814,"w":0.9775390028953552},"size":2.7565689086914064,"orthographic":false}