{"cameraMode":{"drawMode":0,"name":"Shaded","section":"Shading Mode"},"sceneLighting":true,"audioPlay":false,"sceneViewState":{"m_AlwaysRefresh":false,"showFog":true,"showSkybox":true,"showFlares":true,"showImageEffects":true,"showParticleSystems":true,"showVisualEffectGraphs":true,"m_FxEnabled":true},"in2DMode":false,"pivot":{"x":0.9699839353561401,"y":2.4452285766601564,"z":-2.981862783432007},"rotation":{"x":0.09010396897792816,"y":0.12070073932409287,"z":-0.011001931503415108,"w":0.9885317087173462},"size":1.8635202646255494,"orthographic":true}