{"cameraMode":{"drawMode":0,"name":"Shaded","section":"Shading Mode"},"sceneLighting":true,"audioPlay":false,"sceneViewState":{"m_AlwaysRefresh":false,"showFog":true,"showSkybox":true,"showFlares":true,"showImageEffects":true,"showParticleSystems":true,"showVisualEffectGraphs":true,"m_FxEnabled":true},"in2DMode":false,"pivot":{"x":-0.5022456645965576,"y":0.6209083199501038,"z":-3.055736541748047},"rotation":{"x":0.21548382937908173,"y":0.15162895619869233,"z":-0.03389246016740799,"w":0.9640824198722839},"size":2.7521777153015138,"orthographic":true}