{"cameraMode":{"drawMode":0,"name":"Shaded","section":"Shading Mode"},"sceneLighting":true,"audioPlay":false,"sceneViewState":{"m_AlwaysRefresh":false,"showFog":true,"showSkybox":true,"showFlares":true,"showImageEffects":true,"showParticleSystems":true,"showVisualEffectGraphs":true,"m_FxEnabled":true},"in2DMode":false,"pivot":{"x":-1.1456174850463868,"y":1.017810344696045,"z":-0.5931096076965332},"rotation":{"x":0.004171523731201887,"y":0.8772149085998535,"z":0.007623597513884306,"w":-0.48002123832702639},"size":3.3073947429656984,"orthographic":false}