{"cameraMode":{"drawMode":0,"name":"Shaded","section":"Shading Mode"},"sceneLighting":true,"audioPlay":false,"sceneViewState":{"m_AlwaysRefresh":false,"showFog":true,"showSkybox":true,"showFlares":true,"showImageEffects":true,"showParticleSystems":true,"showVisualEffectGraphs":true,"m_FxEnabled":true},"in2DMode":false,"pivot":{"x":-0.26952704787254336,"y":1.944591760635376,"z":-1.3843626976013184},"rotation":{"x":0.18637821078300477,"y":0.15548458695411683,"z":-0.029886705800890924,"w":0.9696388244628906},"size":0.6503041982650757,"orthographic":true}