{"cameraMode":{"drawMode":0,"name":"Shaded","section":"Shading Mode"},"sceneLighting":true,"audioPlay":false,"sceneViewState":{"m_AlwaysRefresh":false,"showFog":true,"showSkybox":true,"showFlares":true,"showImageEffects":true,"showParticleSystems":true,"showVisualEffectGraphs":true,"m_FxEnabled":true},"in2DMode":false,"pivot":{"x":0.16771391034126283,"y":0.9409637451171875,"z":-2.6468729972839357},"rotation":{"x":0.46121975779533389,"y":0.009316192008554936,"z":-0.004842985421419144,"w":0.8872236013412476},"size":6.110815525054932,"orthographic":true}