{"cameraMode":{"drawMode":0,"name":"Shaded","section":"Shading Mode"},"sceneLighting":true,"audioPlay":false,"sceneViewState":{"m_AlwaysRefresh":false,"showFog":true,"showSkybox":true,"showFlares":true,"showImageEffects":true,"showParticleSystems":true,"showVisualEffectGraphs":true,"m_FxEnabled":true},"in2DMode":false,"pivot":{"x":-0.8789751529693604,"y":1.5557615756988526,"z":-0.5771202445030212},"rotation":{"x":0.2144702523946762,"y":0.1386447250843048,"z":-0.030770543962717058,"w":0.9663517475128174},"size":1.103476643562317,"orthographic":true}